"0","NULL"," "," "
"1","YOU_GOT_THIS","You got this!","L'hai ottenuto!"
"2","COMMUNITY_QUESTION","We have a subreddit for ZombIdle! Wanna check it out?\nWe got pies!","Abbiamo un subreddit per Zombidle! Vuoi scoprirlo?\nAbbiamo le torte!"
"3","COMMUNITY_QUESTION_NO","Oh ok... I had prepared a pie myself and everything... \nI guess... I'll eat it alone...","Oh ok... Ho preparato una torta e tutto...\nCredo che... La mangerò solo..."
"4","JOKE_SHUT_UP","Shut Up!","Zitto!"
"5","JOKE_YES","Yes!","Si!"
"6","JOKE_HMM_HMM","Hmm hmm","Hmm hmm"
"7","NOTIFICATION_COME_BACK","While you were away your monsters farmed a lot of skulls. Claim them now!","Mentre non c'eri, i tuoi mostri hanno guadagnato dei teschi. Ottienili ora!"
"8","NOTIFICATION_BUILDING","Your building in Hell is complete!","La tua costruzione all'inferno è completa!"
"9","TAP_TO_RESUME","Tap to resume","Tocca per riprendere"
"10","YOU_WILL_GET_X_ORBS","You will get [x] white orbs","Otterrai [x] sfere bianche"
"11","YOU_HAVE_X_BROKEN_ORBS","You have [x] broken orbs","Possiedi [x] sfere rotte"
"12","YOU_WILL_KEEP","Repair broken orbs! You will keep your medals, items and Hell progress.","Ripara le sfere rotte! Manterrai le tue medaglie, oggetti e progressi all'inferno."
"13","QUIT_GAME","Save and Quit Game?","Salva ed Esci?"
"14","NOT_CONNECTED_PIO_TITLE","Can't connect to the cloud!","Impossibile connettersi al cloud!"
"15","NOT_CONNECTED_PIO_DESC","You can still play the game but you won't have access to Hell, scrolls or 'away bonus'.\nTry to connect again?","Puoi continuare a giocare, ma non avrai accesso all'inferno, alle pergamene o ai bonus offline.\nVuoi provare a riconnetterti?"
"16","RECONNECT","Reconnect","Riconnetti"
"17","CONNECT_TO_INTERNET_FIRST","Connection failed. :(","Connessione fallita. :("
"18","NEED_TO_CONNECT_INTERNET_HELL","You need to be connected to internet to access Hell! Sorry!","Necessiti di una connessione ad internet per accedere all'inferno! Ci dispiace!"
"19","NEW_VERSION_AVAILABLE","A new version of ZombIdle!","Una nuova versione di Zombidle!"
"20","NEW_VERSION_UPDATE_NOW","Update now!","Aggiorna ora!"
"21","NEW_VERSION_UPDATE","Update","Aggiorna"
"22","NEW_VERSION_CHECK_OUT_WEBSITE","Guys! New stuff! Check it out!","Ragazzi! Nuova roba! Scopritela!"
"23","NEW_VERSION_CHECK_OUT_MOBILE","Guys! New stuff! Check it out!","Ragazzi! Nuova roba! Scopritela!"
"24","ON","ON","ON"
"25","OFF","OFF","OFF"
"26","OFFLINE","OFFLINE","DISCONNESSO"
"27","HELL_BUILDING_LEVEL","[x]\nLevel [y]","[x]\nLivello [y]"
"28","POWERED_BY","*Powered by [x]","*Creato da [x]"
"29","AUTO_SAVE_IN","Auto Save in : [x]","Salvataggio automatico in: [x]"
"30","TIME_LEFT","Time left : [x]","Tempo rimanente: [x]"
"31","SECRET_ACHIEVEMENT","Secret Achievement","Obbiettivo Segreto"
"32","SKIP_FOR_X_DIAMONDS","Skip for [x] diamonds?","Saltare per [x] diamanti?"
"33","UPGRADE_BUILDING","Upgrade for [x] diamonds?","Potenziare per [x] diamanti?"
"34","BUY_BUILDING","Buy for [x] diamonds?","Comprare per [x] diamanti?"
"35","AUTO_OFFLINE_DESC","Your game will be saved locally so if something goes wrong, we can't help you!","Il tuo gioco sarà salvato in locale, quindi se qualcosa non dovesse funzionare non possiamo aiutarti!"
"36","AUTO_ONLINE_DESC","Your game will be safe and sound in the cloud.","Il tuo gioco sarà bello che al sicuro nel cloud."
"37","AUTO_OFFLINE","OFFLINE","DISCONNESSO"
"38","AUTO_ONLINE","ONLINE","CONNESSO"
"39","AUTO_LOCAL","LOCAL","LOCALE"
"40","AUTO_CLOUD","CLOUD","CLOUD"
"41","AUTO_TRANSFER_GAME","Your local game will be transferred!","Il tuo gioco locale verrà trasferito!"
"42","THANKS_SUPPORT","Thanks for all the support you guys continue to give us after 7 years! YOU GUYS ROCK!","Grazie per il supporto che ci continuate a dare dopo 7 anni! SIETE GRANDI!"
"43","THANKS_SUPPORT_CREDITS","Thanks for all the feedback!\nYOU GUYS ROCK!","Grazie per tutti i commenti!\nSIETE GRANDI!"
"44","HELL_CONSTRUCTION_TIME","Construction Time : [x]","Tempo di costruzione: [x]"
"45","HELL_BUILDING_ARMORY_TITLE","Armageddon Armory","Armeria Armageddon"
"46","HELL_BUILDING_ARMORY_DESC","Stockpiling weaponry isn't just a hobby, it's a way of life.","Lo stoccaggio di armi non è solo un hobby, è uno stile di vita."
"47","HELL_BUILDING_BANK_TITLE","Corporate Bank of Capitalism","Banca del Capitalismo"
"48","HELL_BUILDING_BANK_DESC","Because Hell needs a bank to store all those skulls and make them fluctuate. Somehow...because magic.","Perché anche l'Inferno necessita di una banca per contenere i propri teschi e farli fluttuare. In qualche modo... è magico."
"49","HELL_BUILDING_SHRINE_TITLE","Golden Shower of Deathness","Pioggia Dorata della morte"
"50","HELL_BUILDING_SHRINE_DESC","Taking a shower on a regular basis is important, especially when the water is actually lava.","Farsi una doccia regolarmente è importante, specialmente quando l'acqua è in realtà lava."
"51","NO_BROKEN_WHITE_ORBS","You don't have any broken white orbs.  Using the time portal won't do anything!","Non possiedi alcuna sfera rotta. Usare il portale del tempo non darà alcun risultato!"
"52","TRANSFERING_GAME","Transferring your game to our servers...","Trasferendo il tuo gioco ai server..."
"53","DIAMOND_DEAL_BUY_CONFIRM","Buy this for [x] diamonds?","Comprare questo per [x] diamanti?"
"54","DIAMOND_DEAL_ADD_CLICK","The Touch of Fire","Il tocco di fuoco"
"55","DIAMOND_DEAL_ADD_INCOME_1_MIN","Skullquistador","Teschistatore"
"56","DIAMOND_DEAL_ADD_INCOME_8_HOUR","Skullapoleon","Teschiapoleone"
"57","DIAMOND_DEAL_ADD_SKULL1","Bunch of Skulls","Un po' di teschi"
"58","DIAMOND_DEAL_ADD_SKULL2","Buncher of Skulls","Un bel po' di teschi"
"59","DIAMOND_DEAL_ADD_SKULL3","Bunchest of Skulls","Moltissimi teschi"
"60","DIAMOND_DEAL_TIME_PORTAL_1","Fast Time Travel","Viaggio nel tempo veloce"
"61","DOUBLE_SKULLS","Double skull bonus!","Raddoppia il valore dei teschi!"
"62","REWARD_TIME_PORTAL_1","Obtain [x] orbs.","Ottieni [x] sfere."
"63","REWARD_CHEST_RED","Obtain 1 red chest.","Ottieni 1 cassa rossa."
"64","GET_SKULLS","Obtain [x] skulls.","Ottieni [x] teschi."
"65","ARE_YOU_SURE_DELETE_GAME","CANNOT BE UNDONE!  Are you sure you want to reset your game? You'll lose everything!","NON PUO' ESSERE ANNULLATO! Sei sicuro di voler azzerare il tuo gioco? Perderai tutto!"
"66","ARE_YOU_SURE_RESET_GAME","Reset your game and get this?","Azzera il tuo gioco e ottieni questo?"
"67","BREAK_ITEM_FOR","Break this item?","Rompere questo oggetto?"
"68","BUY_CHEST_FOR","Buy a chest for [x] white orbs?","Comprare una cassa per [x] sfere bianche?"
"69","UPGRADE","Upgrade","Potenzia"
"70","BUY_FOR","Buy for","Compra per"
"71","GET_MORE","GET MORE","OTTIENINE ALTRI"
"72","SKIP_FOR","Skip for","Salta per"
"73","NOT_ENOUGH_ORBS","You need more white orbs!","Necessiti di più sfere bianche!"
"74","LOADING_MSG_LOADING","Loading...","Caricamento..."
"75","LOADING_MSG_CHECK_DATE","Checking date on servers...","Verificando la data sui server..."
"76","LOADING_MSG_CONNECTING_TO_SERVER","Connecting to servers...","Connessione ai server..."
"77","LOADING_MSG_LOADING_SAVE_FILE","Loading save file...","Caricamento file salvato..."
"78","LOADING_MSG_ERROR","Oops! Something went wrong...","Oops! Qualcosa è andato storto..."
"79","SAVING_ERROR","Oops!  Something went wrong, we couldn't save on the servers.  Are you still connected to internet?","Oops! Qualcosa è andato storto, non possiamo salvare sui server. Sei ancora connesso ad internet?"
"80","SAVING_LOCAL_ERROR","We could not save your game locally.  Please double check Flash's Global Settings if Local Storage is enabled.","Non possiamo salvare il tuo gioco localmente. Per favore controlla che il salvataggio locale sia abilitato nelle Impostazioni Globali di Flash."
"81","DMG","DMG","DMG"
"82","DPS","DPS","DPS"
"83","MAP_SPOT_LVL","Level [min]-[max]","Livello [min]-[max]"
"84","ARMORGAMES_REFRESH_BROWSER","Login on ArmorGames and refresh your browser!","Accedi ad ArmorGames ed aggiorna la pagina!"
"85","YAHOO_REFRESH_BROWSER","Login on Yahoo and refresh your browser!","Accedi a Yahoo ed aggiorna la pagina!"
"86","NEWGROUNDS_REFRESH_BROWSER","Login to your Newgrounds account and refresh your browser!","Accedi a Newgrounds ed aggiorna la pagina!"
"87","GOOGLEPLAY_LOGGED_OUT","Successfully logged out.","Disconnesso correttamente"
"88","GOOGLEPLAY_SIGNIN_FAILED","Sign in failed!","Accesso fallito!"
"89","GOOGLEPLAY_GAMES_UNAVAILABLE","Google Play Games is unavailable!","Google Play Games non è disponibile!"
"90","ANDROID_IAB_UNAVAILABLE","Android In-App Billing is unavailable!","La fatturazione In-App di Android non è disponibile!"
"91","IOSGAMECENTER_SIGNIN_FAILED","Sign in failed!","Accesso fallito!"
"92","IOSGAMECENTER_UNAVAILABLE","Game Center is unavailable!","Il Game Center non è disponibile!"
"93","APPLE_IAB_UNAVAILABLE","Apple In-App Billing is unavailable!","La fatturazione In-App di Apple non è disponibile!"
"94","ALREADY_BUILDING_UNDER_CONSTRUCTION","There's already a building under construction!","C'è già un edificio in costruzione!"
"95","NOT_ENOUGH_DIAMONDS_DO_YOU_WANT_MORE","You don't have enough diamonds, do you want more?","Non hai abbastanza diamanti, ne vuoi altri?"
"96","NOT_ENOUGH_DIAMONDS","You don't have enough diamonds!","Non hai abbastanza diamanti!"
"97","ALREADY_HAVE_DEVIL_BUFF","There's already a Devil's Buff active! Are you sure you want to overwrite it?","C'è già un potenziamento del demone attivo, sei sicuro di volerlo sovrascrivere?"
"98","COMPLETE_AREAS_FIRST","You don't have any broken orbs!","Non possiedi sfere rotte!"
"99","DIAMOND_DEAL1","Diamond Deal #1","Affare di Diamante #1"
"100","DIAMOND_DEAL1_DUMMY","Diamond Deal","Affare di Diamante"
"101","FREEOFFER_WATCHTHIS_TITLE","Watch Lachhh explain what this is all about.","Guarda Lachhh che spiega di cosa si tratta."
"102","FREEOFFER_WATCHTHIS_DESC","Watch Lachhh explain what this is all about and get","Guarda lachhh che spiega di cosa si tratta e ottieni"
"103","CHEST_1_MAGIC_RING","Magic Ring","Anello Magico"
"104","CHEST_2_POWER_POTION","Power Potion","Pozione del Potere"
"105","CHEST_3_MAGIC_NECKLACE","Magic Necklace","Collana Magica"
"106","CHEST_4_NECRO_SWORD","Necro Sword","Spada del Negromante"
"107","CHEST_5_POWER_AXE","Power Axe","Ascia del Potere"
"108","CHEST_6_MAGIC_BOOK","Magic Book","Libro Magico"
"109","CHEST_7_SKULL_DAGGER","Skull Dagger","Pugnale del Teschio"
"110","CHEST_8_DEATH_CALICE","Death Calice","Calice della Morte"
"111","CHEST_9_STATUETTE","Statuette","Statuetta"
"112","CHEST_10_EYE_OF_DOOM","Zombie Horde's Eye","Occhio dell'Orda Zombie"
"113","CHEST_11_RED_STONE","Red Stone","Pietra Rossa"
"114","CHEST_12_PEARL_NECKLACE","Pearl Necklace","Collana di Perle"
"115","CHEST_13_STONE_TABLET","Stone Tablet","Lapide di Pietra"
"116","CHEST_14_MONSTER_3_DPS","Giant Zombie's Mace","Mazza dello Zombie Gigante"
"117","CHEST_15_MONSTER_4_DPS","Red Knight's Lipstick","Rossetto del Cavaliere Rosso"
"118","CHEST_16_MONSTER_5_DPS","Specter's Amethyst","Ametista dello Spettro"
"119","CHEST_17_MONSTER_6_DPS","Bat's Fancy Pin","Perno Fantastico del Pipistrello"
"120","CHEST_18_MONSTER_7_DPS","Plague in a Bottle","Piaga in Bottiglia"
"121","CHEST_19_MONSTER_8_DPS","Lich's ABC's","ABC dei Lich"
"122","CHEST_20_MONSTER_9_DPS","Squid's Teddy Bear","Orsacchiotto del Calamaro"
"123","CHEST_21_MONSTER_10_DPS","King's Collar","Collare del Re"
"124","FREEOFFER1_TITLE","ON TWITCH","SU TWITCH"
"125","FREEOFFER2_TITLE","ON FACEBOOK","SU FACEBOOK"
"126","FREEOFFER3_TITLE","ON TWITTER","SU TWITTER"
"127","FREEOFFER1_DESC","We give away keys and interview other devs!","Regaliamo chiavi e intervistiamo altri sviluppatori!"
"128","FREEOFFER2_DESC","Follow us on Facebook to stay updated!","Seguici su Facebook per rimanere aggiornato!"
"129","FREEOFFER3_DESC","Follow us on Twitter to stay updated!","Seguici su Twitter per rimanere aggiornato!"
"130","DIAMONDSPACK1_TITLE","Small Pack","Pacchetto Piccolo"
"131","DIAMONDSPACK2_TITLE","Medium Pack","Pacchetto Medio"
"132","DIAMONDSPACK3_TITLE","Bigger Pack","Pacchetto più Grande"
"133","DIAMONDSPACK4_TITLE","Large Pack","Pacchetto Grande"
"134","DIAMONDSPACK5_TITLE","OMG Pack","Pacchetto OMG"
"135","DIAMONDSPACK_DESC","+[x]","+[x]"
"136","BEST_VALUE","Best Value!","Offerta Migliore!"
"137","MOST_POPULAR","Most Popular!","Più Popolare!"
"138","WANT_TO_LOGOUT","You are currently logged in as [x].  Want to log out?","Sei connesso come [x]. Vuoi disconnetterti?"
"139","PAYPAL_DIAMOND_PACK_WAITING_FOR_SERVERS","Waiting on our servers...","In attesa dei nostri server..."
"140","PAYPAL_DIAMOND_PACK_PLAY_ONLINE","You need to be logged in to do that. Do you want to sign in?","Devi essere connesso per fare ciò. Vuoi connetterti?"
"141","PAYPAL_DIAMOND_PACK_OPENING_PAYPAL","Opening PayPal...","Aprendo paypal..."
"142","PAYPAL_DIAMOND_PACK_FAILED_TO_BUY","Something went wrong; we couldn't set up your purchase.","Qualcosa è andato storto: non abbiamo potuto eseguire il tuo acquisto."
"143","PAYPAL_DIAMOND_PACK_FAILED_TO_CONNECT","Something went wrong; we couldn't connect to our servers. Retry?","Qualcosa è andato storto: non abbiamo potuto connetterci ai nostri server. Riprovare?"
"144","PAYPAL_DIAMOND_PACK_CLICK_WHEN_DONE","Close this popup when you're done on PayPal!","Chiudi questo messaggio quando hai finito su Paypal!"
"145","PAYPAL_DIAMOND_PACK_FAILED_TO_LOAD_FROM_SERVER","Something went wrong; we couldn't find your purchase. Retry?","Qualcosa è andato storto: non abbiamo potuto trovare il tuo acquisto. Riprovare?"
"146","PAYPAL_DIAMOND_PACK_FAILED_TO_CONSUME_FROM_SERVER","Something went wrong; we couldn't activate your purchase. Retry?","Qualcosa è andato storto: non abbiamo potuto attivare il tuo acquisto. Riprovare?"
"147","FACEBOOK_INIT_ERROR","Facebook could not be initialized.","Facebook non può essere inizializzato."
"148","APPLE_IAB_MUST_BE_ONLINE","You need to play online to buy items!","Devi giocare online per acquistare oggetti!"
"149","GOOGLE_IAB_MUST_BE_ONLINE","You need to play online to buy items!","Devi giocare online per acquistare oggetti!"
"150","NEED_TO_CONNECT_INTERNET","We can't connect to the Internet... :(","Non possiamo connetterci ad internet... ;("
"151","GOOGLEIAB_PURCHASE_FAILED","Something went wrong, we couldn't set up your purchase.","Qualcosa è andato storto: non abbiamo potuto eseguire il tuo acquisto."
"152","IOSIAB_PURCHASE_FAILED","Something went wrong, we couldn't set up your purchase.","Qualcosa è andato storto, non possiamo impostare il tuo acquisto."
"153","BOSS_BATTLE","Boss Battle [x]","Battaglia Boss [x]"
"154","UNIT_DIFFICULTY","Difficulty [x]","Difficoltà [x]"
"155","WHITE_ORB_SHARDS","+[x] White Orbs","+[x] Sfere Bianche"
"156","THANK_FOR_WATCHING","Thanks for watching!  Here's your reward","Grazie per aver guardato! Ecco il tuo premio"
"157","TOOTLTIP_BASE_HP_NAME","Base HP [hp]","HP Base [hp]"
"158","TOOTLTIP_BASE_MONEYDROP_NAME","Skull Drop : [money]","Rilascio Teschi: [money]"
"159","TOOTLTIP_NEXT_LVL_DPS_PLUS","Next Level : +[dps]","Prossimo Livello: +[dps]"
"160","TOOTLTIP_BASE_COST_DETAIL_NAME","Cost [cost]","Costo [cost]"
"161","TOOTLTIP_BASE_DPS_DETAIL_NAME","Base DMG [dps]","DMG Base [dps]"
"162","TOOTLTIP_TOTAL_DPS_DETAIL_NAME","Total DPS [dps]","DPS Totali [dps]"
"163","TOOTLTIP_CLICK_DPS_DETAIL_NAME","Base Tap DMG [dps]","DMG Per Tocco Base [dps]"
"164","TOOTLTIP_BONUS_TYPE_FROM_ITEM","[prct] from items","[prct] dagli oggetti"
"165","TOOTLTIP_BONUS_TYPE_FROM_MONSTER_SKILL","[prct] from monsters","[prct] dai mostri"
"166","TOOTLTIP_BONUS_TYPE_FROM_ACTIVE_SKILL","[prct] from skills","[prct] dalle abilità"
"167","TOOTLTIP_BONUS_TYPE_FROM_ORBS","[prct] from orbs","[prct] dalle sfere"
"168","TOOTLTIP_BONUS_TYPE_FROM_PUB_REWARD","[prct] from devil deals","[prct] dal patto col diavolo"
"169","TOOTLTIP_BONUS_TYPE_FROM_ACHIEVEMENT","[prct] from medals","[prct] dalle medaglie"
"170","TOOTLTIP_BONUS_TYPE_FROM_HELL","[prct] from Hell","[prct] dall'inferno"
"171","NO_BONUS_ADDITIONAL_BONUS","No additional bonus","Nessun bonus addizionale"
"172","BONUS_DOUBLE_ACTIVE_SKILL","Double active skill effect","Doppio effetto abilità attiva"
"173","TOTAL_PRCT","Total [prct]%","Totale [prct]%"
"174","TOTAL_PRCT_WHITE_ORB","[x] Orbs\n+[y]% Per Orb\nTotal [prct]%","[x] Sfere\n+[y]% Per Sfera\nTotale [prct]%"
"175","BONUS_ADD_MONEY","Add [prct]% skull's value","Aggiungi [prct]% al valore dei teschi"
"176","BONUS_ADD_MONEY_IN_X","Skull's value x[x]","Valore dei teschi x[x]"
"177","BONUS_REDUCE_ENEMY_HP","Decrease enemy's HP by [prct]%","Riduce la vita dei nemici del [prct]%"
"178","BONUS_REDUCE_COOLDOWN","Decrease skills cooldown by [prct]%","Riduce la ricarica delle abilità del [prct]%"
"179","BONUS_ADD_SKILL_DURATION","Add [prct]% to skill duration","Aggiunge il [prct]% alla durata delle abilità"
"180","BONUS_ADDSEC_TO_BOSS_BATTLE","Add [x] seconds to boss battle","Aggiunge [x] secondi alla battaglia boss"
"181","BONUS_DROP_SKULL_WHEN_CRIT","Drop [prct]% building's skulls when doing a critical hit","Rilascia il [prct]% dei teschi della costruzione con un colpo critico"
"182","BONUS_ADD_DPS_TO_MONSTER","Add [prct]% to [monster] DPS","Aggiunge il [prct]% ai DPS del [monster]"
"183","BONUS_ADD_TOTAL_DPS","Add [prct]% to all DMG","Aggiunge [prct]% a tutti i danni"
"184","BONUS_ADD_TOTAL_DPS_IN_X","All damage x[x]","Tutti i danni x[x]"
"185","BONUS_ADD_DPS_WHITE_ORB","Add [prct]% to total DPS per white orb","Aggiunge il [prct]% ai DPS totali per sfera bianca"
"186","BONUS_ADD_DPS_BLACK_ORB","Add [prct]% to total DPS per black orb","Aggiunge [prct]% ai DPS per sfera nera"
"187","BONUS_ADD_NON_CLICK_DPS","Add [prct]% to non-tap monsters","Aggiunge [prct]% ai mostri non-tap"
"188","BONUS_ADD_TOTAL_DPS_WHEN_IDLE","Add [prct]% to all DPS when bob sleeps","Aggiungi il [prct]% a tutti i DPS quando bob dorme"
"189","BONUS_ADD_CLICK_DPS","Add [prct]% to tap DMG","Aggiunge [prct]% ai DMG per tap"
"190","BONUS_ADD_CLICK_DPS_IN_X","Tap DMG x[x]","Tap DMG x[x]"
"191","BONUS_ADD_CLICK_DMG_BASED_ON_DPS","Add [prct]% of total DPS to tap DMG","Aggiunge il [prct]% dei DPS totali ai danni per tocco"
"192","BONUS_ADD_CLICK_DMG_BASED_ON_DPS_IN_X","Tap DMG x[x] of total DPS","Tap DMG x[x] dei DPS totali"
"193","BONUS_ADD_CRIT_HIT_DPS","Add [prct]% crit hit","Aggiunge il [prct]% al colpo critico"
"194","BONUS_DO_CLICK_EVERY_SEC","Do an automatic tap every [x] second(s)","Esegue un tocco automatico ogni [x] secondo/i"
"195","BONUS_ADD_DPS_TO_MONSTER_FOR_EACH_LVL","Add [prct]% to [monster] DPS for each [monster2] level","Aggiunge [prct]% ai DPS di [monster] per ogni livello di [monster2]"
"196","BONUS_ADD_DPS_TO_MONSTER_FOR_EACH_LVL_SAME_MONSTER","Add [prct]% to [monster] DPS for each level","Aggiunge [prct]% ai DPS di [monster] per ogni livello"
"197","BONUS_UNLOCK_SKILL","Unlock [skill]","Sblocca [skill]"
"198","BONUS_FOR_DURATION","[bonus] for [duration]","[bonus] per [duration]"
"199","SECONDS","[x] seconds","[x] secondi"
"200","MINUTES","[x] minutes","[x] minuti"
"201","HOURS","[x] hours","[x] ore"
"202","READY","Ready","Pronto"
"203","HERO_SKILL_0","Sloth's Form","Forma del Pigro"
"204","HERO_SKILL_1","Pillage and Plunder","Saccheggio e Razzia"
"205","HERO_SKILL_2","Spectral Repossession","Recupero Spettrale"
"206","HERO_SKILL_3","Blackest of Plagues","La più nera delle Piaghe"
"207","HERO_SKILL_4","Son of the Lich","Figlio del Lich"
"208","HERO_SKILL_5","Pastafury","Pastafury"
"209","HERO_SKILL_6","King's Presence","Presenza del Re"
"210","HERO_SKILL_0_DESC","Auto Tap","Tap Automatico"
"211","HERO_SKILL_1_DESC","skill1Desc","skill1Desc"
"212","HERO_SKILL_2_DESC","skill2Desc","skill2Desc"
"213","HERO_SKILL_3_DESC","skill3Desc","skill3Desc"
"214","HERO_SKILL_4_DESC","skill4Desc","skill4Desc"
"215","HERO_SKILL_5_DESC","skill5Desc","skill5Desk"
"216","HERO_SKILL_6_DESC","skill6Desc","skill6Desc"
"217","HERO_SKILL_COOLDOWN_TEXT","Cooldown","Recupero"
"218","HERO_SKILL_UNLOCKEDBY_TEXT","Unlocked By","Sbloccato Da"
"219","MONSTER_1_NAME","Bob The Necromancer","Bob Il Necromante"
"220","MONSTER_2_NAME","Zombie Horde","Orda di Zombie"
"221","MONSTER_3_NAME","Giant Zombie","Zombie Gigante"
"222","MONSTER_4_NAME","Red Knight","Cavaliere Rosso"
"223","MONSTER_5_NAME","Blue Specter","Spettro Blu"
"224","MONSTER_6_NAME","Swarm of Bats","Sciame di Pipistrelli"
"225","MONSTER_7_NAME","The Big Plague","La Grande Piaga"
"226","MONSTER_8_NAME","The Black Lich","Il Lich Nero"
"227","MONSTER_9_NAME","Flying Squid","Polipi Volanti"
"228","MONSTER_10_NAME","The Tomb King","Il Re della Tomba"
"229","MONSTER_1_SKILL_0","For The Horde!","Per L'Orda!"
"230","MONSTER_1_SKILL_1","Sloth's Form","Forma del Pigro"
"231","MONSTER_1_SKILL_2","Bad Touch","Brutto Tocco"
"232","MONSTER_1_SKILL_3","Shepherd of Rot","Pastore della Putrefazione"
"233","MONSTER_2_SKILL_0","Crawling Dead","Morte Strisciante"
"234","MONSTER_2_SKILL_1","Walking Dead","Morte Camminante"
"235","MONSTER_2_SKILL_2","Running Dead","Morte Corrente"
"236","MONSTER_2_SKILL_3","Jetpack-powered Dead","Morte Alimentata da un Jetpack"
"237","MONSTER_3_SKILL_0","The bigger they are...","Più grandi sono..."
"238","MONSTER_3_SKILL_1","...the harder they hit","...più forte colpiscono"
"239","MONSTER_3_SKILL_2","Dem Big Pockets","Tasche Grandissime"
"240","MONSTER_3_SKILL_3","Overcompensating","Sovracompensazione"
"241","MONSTER_4_SKILL_0","Eye of The Storm","Occhio della Tempesta"
"242","MONSTER_4_SKILL_1","Lightning Reflexes","Riflessi Fulminei"
"243","MONSTER_4_SKILL_2","Pillage and Plunder","Saccheggio e Razzia"
"244","MONSTER_4_SKILL_3","Viking Savagery","Ferocia del Vichingo"
"245","MONSTER_5_SKILL_0","Blue Inside","Blu Dentro"
"246","MONSTER_5_SKILL_1","Blue Outside","Blu Fuori"
"247","MONSTER_5_SKILL_2","Spectral Repossession","Recupero Spettrale"
"248","MONSTER_5_SKILL_3","Dabadee","Dabadee"
"249","MONSTER_6_SKILL_0","BAT SWARM","SCIAME DI PIPISTRELLI"
"250","MONSTER_6_SKILL_1","NANANANANANA","NANANANANANA"
"251","MONSTER_6_SKILL_2","POW","POW"
"252","MONSTER_6_SKILL_3","BAM KABOOM","BAM KABOOM"
"253","MONSTER_7_SKILL_0","Chickenpox","Varicella"
"254","MONSTER_7_SKILL_1","Smallpox","Vaiolo"
"255","MONSTER_7_SKILL_2","Bieberpox","Vaiolo di Bieber"
"256","MONSTER_7_SKILL_3","Blackest of Plagues","La più nera delle Piaghe"
"257","MONSTER_8_SKILL_0","Lunch Money","Soldi del Pranzo"
"258","MONSTER_8_SKILL_1","Small-time Bullying","Bullismo Rapido"
"259","MONSTER_8_SKILL_2","Son of The Lich","Figlio del Lich"
"260","MONSTER_8_SKILL_3","Intimidator","Intimidatore"
"261","MONSTER_9_SKILL_0","Minister of Bread","Ministro del Pane"
"262","MONSTER_9_SKILL_1","Loose Cannon","Mina Vagante"
"263","MONSTER_9_SKILL_2","Pastafury","Pastafury"
"264","MONSTER_9_SKILL_3","Five Donkey Halves","Cinque Asini a Metà"
"265","MONSTER_10_SKILL_0","Spelunker's Demise","Scomparsa dello Speleologo"
"266","MONSTER_10_SKILL_1","Tomb Raider Raiding","Cavalcata di Tomb Raider"
"267","MONSTER_10_SKILL_2","Ark Hiding","Nascondiglio Arca"
"268","MONSTER_10_SKILL_3","Joffrey was the best","Joffrey è stato il migliore"
"269","TOOLTIP_SKILL_BUYFOR","Tap to buy for","Tocca per comprare"
"270","TOOLTIP_SKILL_BUYAT","Available at","Disponibile a"
"271","LVL","LVL","LVL"
"272","NEXT","NEXT","PROSSIMO"
"273","MONSTER_LVL_TITLE","LVL","LVL"
"274","CLICKDMG","Tap DMG","Tap DMG"
"275","MONSTER_CLICKDMG_TITLE","Tap DMG","Tap DMG"
"276","MONSTER_MONSTERDPS_TITLE","DPS","DPS"
"277","MONSTER_LVLUP_TITLE","LEVEL UP","AGGIORNAMENTO"
"278","MONSTER_BUY_TITLE","BUY","COMPRA"
"279","HOUSE_HP_TITLE","HP","HP"
"280","HOUSE_LEVEL_TITLE","Level","Livello"
"281","HOUSE_PREFIX_0"," "," "
"282","HOUSE_PREFIX_1","Meek","Docile"
"283","HOUSE_PREFIX_2","Small","Piccolo"
"284","HOUSE_PREFIX_3","Quaint","Caratteristico"
"285","HOUSE_PREFIX_4","Fancy","Fantastico"
"286","HOUSE_PREFIX_5","Fortified","Fortificato"
"287","HOUSE_PREFIX_6","Glorious","Glorioso"
"288","HOUSE_PREFIX_7","Ancestral","Ancestrale"
"289","HOUSE_PREFIX_8","Pretty","Prettamente"
"290","HOUSE_PREFIX_9","Epic","Epico"
"291","HOUSE_PREFIX_10","Nigh indestructible","Pressoché indistruttibile"
"292","HOUSE_PREFIX_11","Old","Vecchio"
"293","HOUSE_PREFIX_12","Godly","Divino"
"294","HOUSE_PREFIX_13","Impossible to read","Impossibile da leggere"
"295","HOUSE_PREFIX_14","Space","Spazio"
"296","HOUSE_TYPE_0","void","vuoto"
"297","HOUSE_TYPE_1","shack","baracca"
"298","HOUSE_TYPE_2","cabin","cabina"
"299","HOUSE_TYPE_3","hovel","tugurio"
"300","HOUSE_TYPE_4","farmhouse","casa di campagna"
"301","HOUSE_TYPE_5","barn","granaio"
"302","HOUSE_TYPE_6","cabins","cabine"
"303","HOUSE_TYPE_7","farm","campagna"
"304","HOUSE_TYPE_8","barns","granai"
"305","HOUSE_TYPE_9","colonial farm","campagna coloniale"
"306","HOUSE_TYPE_10","family farm","campagna familiare"
"307","HOUSE_TYPE_11","cabin","cabina"
"308","HOUSE_TYPE_12","lakehouse","casa sul lago"
"309","HOUSE_TYPE_13","house","casa"
"310","HOUSE_TYPE_14","farmhouse","casa di campagna"
"311","HOUSE_TYPE_15","inn","pensione"
"312","HOUSE_TYPE_16","rally point","punto di raduno"
"313","HOUSE_TYPE_17","great hall","grande sala"
"314","HOUSE_TYPE_18","lumber camp","campo di legname"
"315","HOUSE_TYPE_19","settler camp","campo del colono"
"316","HOUSE_TYPE_20","village","villaggio"
"317","HOUSE_TYPE_21","cabin","cabina"
"318","HOUSE_TYPE_22","scout tower","torre di vedetta"
"319","HOUSE_TYPE_23","outpost","avamposto"
"320","HOUSE_TYPE_24","tower","torre"
"321","HOUSE_TYPE_25","towers","torri"
"322","HOUSE_TYPE_26","rally point","punto di raduno"
"323","HOUSE_TYPE_27","church","chiesa"
"324","HOUSE_TYPE_28","manorhouse","maniero"
"325","HOUSE_TYPE_29","village","villaggio"
"326","HOUSE_TYPE_30","training camp","campo di addestramento"
"327","HOUSE_TYPE_31","hermit's hut","capanna dell'eremita"
"328","HOUSE_TYPE_32","fortified outpost","avamposto fortificato"
"329","HOUSE_TYPE_33","royal outpost","avamposto reale"
"330","HOUSE_TYPE_34","border keep","confine"
"331","HOUSE_TYPE_35","fortified towerhouse","casa-torre fortificata"
"332","HOUSE_TYPE_36","high fort","fortezza alta"
"333","HOUSE_TYPE_37","keep","torrione"
"334","HOUSE_TYPE_38","gated community","comunità chiusa"
"335","HOUSE_TYPE_39","woodside castle","castello con mura di legna"
"336","HOUSE_TYPE_40","royal castle","castello reale"
"337","LIVING_PREFIX_0","Weak","Debole"
"338","LIVING_PREFIX_1","Drunk","Ubriaco"
"339","LIVING_PREFIX_2","Sick","Malato"
"340","LIVING_PREFIX_3","Pissed","Incazzato"
"341","LIVING_PREFIX_4","Strong","Forte"
"342","LIVING_PREFIX_5","Heroic","Eroico"
"343","LIVING_PREFIX_6","God-tier","Divino"
"344","LIVING_TYPE_0","lord","signore"
"345","LIVING_TYPE_1","blacksmith's union","unione del fabbro"
"346","LIVING_TYPE_2","knight","cavaliere"
"347","LIVING_TYPE_3","battalion","battaglione"
"348","LIVING_TYPE_4","lord1","signore1"
"349","LIVING_TYPE_5","blacksmith's union1","unione del fabbro1"
"350","LIVING_TYPE_6","knight1","cavaliere1"
"351","LIVING_TYPE_7","battalion1","battaglione1"
"352","LIVING_TYPE_8","lord2","signore2"
"353","LIVING_TYPE_9","blacksmith's union2","unione del fabbro2"
"354","LIVING_TYPE_10","knigh2t","cavaliere2"
"355","LIVING_TYPE_11","battalion2","battaglione2"
"356","LIVING_TYPE_12","lord3","signore3"
"357","LIVING_TYPE_13","blacksmith's union3","unione del fabbro3"
"358","LIVING_TYPE_14","knight3","cavaliere3"
"359","LIVING_TYPE_15","battalion3","battaglione3"
"360","LIVING_TYPE_16","lord4","signore4"
"361","LIVING_TYPE_17","blacksmith's union4","unione del fabbro4"
"362","LIVING_TYPE_18","knight4","cavaliere4"
"363","LIVING_TYPE_19","battalion4","battaglione4"
"364","MINI_TYPE_0","fortifications","fortificazioni"
"365","MINI_TYPE_1","castle","castello"
"366","MINI_TYPE_2","tower","torre"
"367","MINI_TYPE_3","forge","forgia"
"368","BOSS_TYPE_0","lord","signore"
"369","BOSS_TYPE_1","blacksmith's union","unione del fabbro"
"370","BOSS_TYPE_2","knight","cavaliere"
"371","BOSS_TYPE_3","battalion","battaglione"
"372","HOUSE_FULL_0","Small house","Piccola casa"
"373","MAP_01_NAME","Lakeside Farmlands","Terreni Agricoli sul Lago"
"374","MAP_01_LEVEL","level 1-20","livello 1-20"
"375","MAP_02_NAME","New Farmshire","Nuova Farmshire"
"376","MAP_02_LEVEL","level 21-40","livello 21-40"
"377","MAP_03_NAME","West Woodlands","Terre di Legno dell'Ovest"
"378","MAP_03_LEVEL","level 41-60","livello 41-60"
"379","MAP_04_NAME","Western Garrisson","Garrison Occidentale"
"380","MAP_04_LEVEL","level 61-80","livello 61-80"
"381","MAP_05_NAME","West Lumberdale","Lumberdale Occidentale"
"382","MAP_05_LEVEL","level 81-100","livello 81-100"
"383","MAP_06_NAME","Northern Walk","Cammino del Nord"
"384","MAP_06_LEVEL","level 101-120","livello 101-120"
"385","MAP_07_NAME","Hightower Pass","Passo d'Alta Torre"
"386","MAP_07_LEVEL","level 121-140","livello 121-140"
"387","MAP_08_NAME","South Lumberdale","Lumberdale del Sud"
"388","MAP_08_LEVEL","level 141-160","livello 141-160"
"389","MAP_09_NAME","Vantage Point","Punto di Vantaggio"
"390","MAP_09_LEVEL","level 161-180","livello 161-180"
"391","MAP_10_NAME","Summer Road","Strada d'Estate"
"392","MAP_10_LEVEL","level 181-200","livello 181-200"
"393","MAP_11_NAME","Hightower Keep","Hightower Keep"
"394","MAP_11_LEVEL","level 201-220","livello 201-220"
"395","MAP_12_NAME","Salty Fort","Forte Salato"
"396","MAP_12_LEVEL","level 221-240","livello 221-240"
"397","MAP_13_NAME","Pikeshire","Pikeshire"
"398","MAP_13_LEVEL","level 241-260","livello 241-260"
"399","MAP_14_NAME","Summer Court","Corte Estiva"
"400","MAP_14_LEVEL","level 261-280","livello 261-280"
"401","MAP_15_NAME","High Northvale","Northvale Alta"
"402","MAP_15_LEVEL","level 281-300","livello 281-300"
"403","MAP_16_NAME","Old Middleshire","Vecchio Middleshire"
"404","MAP_16_LEVEL","level 301-320","livello 301-320"
"405","MAP_17_NAME","North Lumberdale","Lumberdale Nord"
"406","MAP_17_LEVEL","level 321-340","livello 321-340"
"407","MAP_18_NAME","Crystalkeep","Crystalkeep"
"408","MAP_18_LEVEL","level 341-360","livello 341-360"
"409","MAP_19_NAME","Highdale Towerkeep Fort","Forte Highdale Towerkeep"
"410","MAP_19_LEVEL","level 361-380","livello 361-380"
"411","MAP_20_NAME","King's Terrace","Terrazza del Re"
"412","MAP_20_LEVEL","level 381-400","livello 381-400"
"413","MAP_SECRET01_NAME","???","???"
"414","MAP_SECRET01_LEVEL","level ???-???","livello ???-???"
"415","MAP_SECRET02_NAME","???","???"
"416","MAP_SECRET02_LEVEL","level ???-???","livello ???-???"
"417","MAP_SECRET03_NAME","???","???"
"418","MAP_SECRET03_LEVEL","level ???-???","livello ???-???"
"419","MAP_SECRET04_NAME","???","???"
"420","MAP_SECRET04_LEVEL","level ???-???","livello ???-???"
"421","MAP_PORTAL_NAME","TIME PORTAL","PORTALE DEL TEMPO"
"422","ACHIEVEMENT_SKULL_COLLECTED_NAME","Collect Skulls","Colleziona Teschi"
"423","ACHIEVEMENT_SKULL_COLLECTED_DESC","Get a total of [x] skulls","Ottieni un totale di [x] teschi"
"424","ACHIEVEMENT_HIGHEST_DIFFICULTY_REACHED_NAME","Reach Difficulty","Raggiungi Difficoltà"
"425","ACHIEVEMENT_HIGHEST_DIFFICULTY_REACHED_DESC","Complete an area with level [x]","Completa un area di livello [x]"
"426","ACHIEVEMENT_CLEAR_MAP_SPOT_NAME","Clear Area","Zona Libera"
"427","ACHIEVEMENT_CLEAR_MAP_SPOT_DESC_1_ROCK_GOLEM","Defeat the Rock Golem","Sconficci il Golem di Roccia"
"428","ACHIEVEMENT_CLEAR_MAP_SPOT_DESC_2_STEAM_GOLEM","Defeat the Steam Golem","Sconfiggi il Golem di Vapore"
"429","ACHIEVEMENT_CLEAR_MAP_SPOT_DESC_3_DRAGON","Defeat the Dragon","Sconfiggi il Drago"
"430","ACHIEVEMENT_CLEAR_MAP_SPOT_DESC_4_GRIFFIN","Defeat the Griffin","Sconfiggi il Grifone"
"431","ACHIEVEMENT_CLEAR_MAP_SPOT_DESC_5_BLACKSMITH_GUILD","Defeat the Blacksmith's Guild","Sconfiggi la Gilda del Fabbro"
"432","ACHIEVEMENT_CLEAR_MAP_SPOT_DESC_6_KNIGHT_GUILD","Defeat the Knight's Guild","Sconfiggi la Gilda del Cavaliere"
"433","ACHIEVEMENT_CLEAR_MAP_SPOT_DESC_7_WITCH_HUNTER_GUILD","Defeat the Witch Hunter's Guild","Sconfiggi la Gilda del Cacciatore di Streghe"
"434","ACHIEVEMENT_CLEAR_MAP_SPOT_DESC_8_PALADIN_GUILD","Defeat the Paladin's Guild","Sconfiggi la Gilda del Paladino"
"435","ACHIEVEMENT_REACH_DPS_NAME","DPS Total","DPS Totali"
"436","ACHIEVEMENT_REACH_DPS_DESC","Reach a total of [x] DPS","Raggiungi un totale di [x] DPS"
"437","ACHIEVEMENT_REACH_CLICKDMG_NAME","Tap DMG Total","Tap DMG Totali"
"438","ACHIEVEMENT_REACH_CLICKDMG_DESC","Reach a total of [x] tap DMG","Raggiungi un totale di [x] tap DMG"
"439","ACHIEVEMENT_TIME_WARP_NAME","Time warp ride","Viaggio nel Tempo"
"440","ACHIEVEMENT_TIME_WARP_DESC","Use a time warp [x] times","Usa un viaggio nel tempo [x] volte"
"441","ACHIEVEMENT_CASH_OWNED_NAME","Skull Collector","Collezionatore di Teschi"
"442","ACHIEVEMENT_CASH_OWNED_DESC","Own [x] skulls","Possiedi [x] teschi"
"443","ACHIEVEMENT_HOUSE_KILLED_NAME","Building Rampage","Furia Costruttiva"
"444","ACHIEVEMENT_HOUSE_KILLED_DESC","Destroy [x] buildings","Distruggi [x] costruzioni"
"445","ACHIEVEMENT_HIGHEST_MONSTER_LVL_NAME","Feel The Power","Senti Il Potere"
"446","ACHIEVEMENT_HIGHEST_MONSTER_LVL_DESC","Reach level [x] with a monster","Raggiungi il livello [x] con un mostro"
"447","ACHIEVEMENT_02_NAME","ACHIEVEMENT TWO","OBBIETTIVO DUE"
"448","ACHIEVEMENT_02_DESC","Texte descriptif","Testo descrittivo"
"449","ACHIEVEMENT_03_NAME","ACHIEVEMENT THREE","OBBIETTIVO TRE"
"450","ACHIEVEMENT_03_DESC","Texte descriptif","Testo descrittivo"
"451","ACHIEVEMENT_04_NAME","ACHIEVEMENT FFOUR","OBBIETTIVO QUATTRO"
"452","ACHIEVEMENT_04_DESC","Texte descriptif","Testo descrittivo"
"453","ACHIEVEMENT_05_NAME","ACHIEVEMENT FIVE","OBBIETTIVO 5"
"454","ACHIEVEMENT_05_DESC","Texte descriptif","Testo descrittivo"
"455","ACHIEVEMENT_06_NAME","ACHIEVEMENT SIX","OBBIETTIVO SEI"
"456","ACHIEVEMENT_06_DESC","Texte descriptif","Testo descrittivo"
"457","ACHIEVEMENT_07_NAME","ENLARGE YOUR CAT","INGRANDISCI IL TUO GATTO"
"458","ACHIEVEMENT_07_DESC","Do people mock you because of your small cat?","La gente ti deride a causa del tuo piccolo gatto?"
"459","ACHIEVEMENT_08_NAME","ACHIEVEMENT EIGHT","OBBIETTIVO OTTO"
"460","ACHIEVEMENT_08_DESC","Texte descriptif","Testo descrittivo"
"461","ACHIEVEMENT_09_NAME","ACHIEVEMENT NINE","OBBIETTIVO NOVE"
"462","ACHIEVEMENT_09_DESC","Texte descriptif","Testo descrittivo"
"463","ACHIEVEMENT_10_NAME","ACHIEVEMENT TEN","OBBIETTIVO DIECI"
"464","ACHIEVEMENT_10_DESC","Texte descriptif","Testo descrittivo"
"465","ACHIEVEMENT_11_NAME","ACHIEVEMENT ELEVEN","OBBIETTIVO UNDICI"
"466","ACHIEVEMENT_11_DESC","Texte descriptif","Testo descrittivo"
"467","ACHIEVEMENT_12_NAME","ACHIEVEMENT TWELVE","OBBIETTIVO DODICI"
"468","ACHIEVEMENT_12_DESC","Texte descriptif","Testo descrittivo"
"469","ACHIEVEMENT_13_NAME","ACHIEVEMENT THIRTEEN","OBBIETTIVO TREDICI"
"470","ACHIEVEMENT_13_DESC","Texte descriptif","Testo descrittivo"
"471","ACHIEVEMENT_14_NAME","ACHIEVEMENT FOURTEEN","OBBIETTIVO QUATTORDICI"
"472","ACHIEVEMENT_14_DESC","Texte descriptif","Testo descrittivo"
"473","ACHIEVEMENT_15_NAME","ACHIEVEMENT FIFTEEN","OBBIETTIVO QUINDICI"
"474","ACHIEVEMENT_15_DESC","Text Descriptif","Testo Descrittivo"
"475","ACHIEVEMENT_16_NAME","ACHIEVEMENT SIXTEEN","OBBIETTIVO SEDICI"
"476","ACHIEVEMENT_16_DESC","Texte descriptif","Testo descrittivo"
"477","ACHIEVEMENT_17_NAME","ACHIEVEMENT SEVENTEEN","OBBIETTIVO DICIASSETTE"
"478","ACHIEVEMENT_17_DESC","Texte descriptif","Testo descrittivo"
"479","ACHIEVEMENT_18_NAME","ACHIEVEMENT EIGHTEEN","OBBIETTIVO DICIOTTO"
"480","ACHIEVEMENT_18_DESC","Texte descriptif","Testo descrittivo"
"481","ACHIEVEMENT_19_NAME","ACHIEVEMENT NINETEEN","OBBIETTIVO DICIANNOVE"
"482","ACHIEVEMENT_19_DESC","Text Descriptif","Testo Descrittivo"
"483","ACHIEVEMENT_20_NAME","ACHIEVEMENT TWENTY","OBBIETTIVO VENTI"
"484","ACHIEVEMENT_20_DESC","Texte descriptif","Testo descrittivo"
"485","ACHIEVEMENT_21_NAME","ACHIEVEMENT TWENTY ONE","OBBIETTIVO VENTUNO"
"486","ACHIEVEMENT_21_DESC","Texte descriptif","Testo descrittivo"
"487","ACHIEVEMENT_22_NAME","ACHIEVEMENT TWENTY TWO","OBBIETTIVO VENTIDUE"
"488","ACHIEVEMENT_22_DESC","Texte descriptif","Testo descrittivo"
"489","ACHIEVEMENT_23_NAME","ACHIEVEMENT TWENTY THREE","OBBIETTIVO VENTITRE"
"490","ACHIEVEMENT_23_DESC","Texte Descriptif","Testo Descrittivo"
"491","ACHIEVEMENT_24_NAME","ACHIEVEMENT TWENTY FOUR","OBBIETTIVO VENTIQUATTRO"
"492","ACHIEVEMENT_24_DESC","Texte descriptif","Testo descrittivo"
"493","ACHIEVEMENT_25_NAME","ACHIEVEMENT TWENTY FIVE","OBBIETTIVO VENTICINQUE"
"494","ACHIEVEMENT_25_DESC","Texte descriptif","Testo descrittivo"
"495","ACHIEVEMENT_26_NAME","ACHIEVEMENT TWENTY SIX","OBBIETTIVO VENTISEI"
"496","ACHIEVEMENT_26_DESC","Texte descriptif","Testo descrittivo"
"497","ACHIEVEMENT_27_NAME","ACHIEVEMENT TWENTY SEVEN","OBBIETTIVO VENTISETTE"
"498","ACHIEVEMENT_27_DESC","Texte Descriptif","Testo Descrittivo"
"499","OPTION_TITLE","OPTIONS","OPZIONI"
"500","OPTION_MUSIC","music","musica"
"501","OPTION_SOUND","sound","suono"
"502","OPTION_LANG_LABEL","language","linguaggio"
"503","OPTION_CREDITS","CREDITS","CREDITI"
"504","OPTION_QUALITY","quality","qualità"
"505","OPTION_QUALITY_L","low","bassa"
"506","OPTION_QUALITY_M","med","media"
"507","OPTION_QUALITY_H","high","alta"
"508","OPTION_SPONSOR","SPONSOR","SPONSOR"
"509","OPTION_BZK","BERZERK STUDIO","BERZERK STUDIO"
"510","OPTION_LANG","english","inglese"
"511","UPDATES_TITLE","UPDATES","AGGIORNAMENTI"
"512","UPDATES_WELCOME","WELCOME BACK!","BENTORNATO!"
"513","UPDATES_AWAY","While you were away, your monsters farmed","Mentre non c'eri, i tuoi mostri hanno farmato"
"514","UPDATES_FORYOU","just for you!","solo per te!"
"515","UPDATES_CLOSE","CLOSE","CHIUDI"
"516","UPDATES_PATCHNOTE","patch notes patch notes, what you gonna do, what you gonna do when they come for you","note della patch note della patch, cosa farai, cosa farai quando vengono per te"
"517","ID_AUTO_FOLLOW_0","FOLLOW US","SEGUICI"
"518","ID_AUTO_TRAILER_0","TRAILER","TRAILER"
"519","ID_AUTO_WATCH_0","WATCH","GUARDA"
"520","ID_AUTO_WATCH_1","WATCH THIS","GUARDA QUESTO"
"521","ID_AUTO_WEBSITE_0","WEBSITE","SITO WEB"
"522","ID_AUTO_YOUR_0","Your support will directly fund those awesome projects","Il tuo supporto finanzierà direttamente i nostri bellissimi progetti"
"523","ID_AUTO_ETA_0","ETA - 20XX","ETA - 20XX"
"524","ID_AUTO_ETA_1","ETA - ???","ETA - ???"
"525","ID_AUTO_ETA_2","ETA - Summer 2016","ETA - Estate 2016"
"526","ID_AUTO_ETA_3","ETA - Early 2016","ETA - Inizio 2016"
"527","ID_AUTO_BLOODY_0","BLOODY MUSCLES","BLOODY MUSCLES"
"528","ID_AUTO_INFERNAX_0","INFERNAX","INFERNAX"
"529","ID_AUTO_JUST_0","JUST SHAPES & BEATS","JUST SHAPES & BEATS"
"530","ID_AUTO_FRANTIC_0","FRANTIC FRIGATES 2","FRANTIC FRIGATES 2"
"531","ID_AUTO_IN_0","IN THE WORKS","A LAVORO"
"532","ID_AUTO_FREE_0","FREE OFFERS","OFFERTE GRATUITE"
"533","ID_AUTO_DIAMONDS_0","DIAMONDS","DIAMANTI"
"534","ID_AUTO_STORE_0","STORE","NEGOZIO"
"535","ID_AUTO_THANK_0","THANK YOU!","GRAZIE!"
"536","ID_AUTO_AND_0","and get","e ottieni"
"537","AUTO_BREAK_0","BREAK IT FOR","ROMPILO PER"
"538","AUTO_OK_0","OK","OK"
"539","AUTO_YES_0","YES","SI"
"540","AUTO_NO_0","NO","NO"
"541","AUTO_SELECT_0","SELECT","SELEZIONA"
"542","AUTO_COMMON_0","COMMON","COMUNE"
"543","AUTO_UNCOMMON_0","UNCOMMON","NON COMUNE"
"544","AUTO_RARE_0","RARE","RARO"
"545","AUTO_SELECT_1","SELECT YOUR\nREWARD","SELEZIONA IL TUO\nPREMIO"
"546","AUTO_HEY_0","Hey \nSweetie!","Jey\nCarino!"
"547","AUTO_I_0","I've got a deal\nfor you!","Ho un offerta\nper te!"
"548","AUTO_WATCH_VIDEO","Watch a short video for a great reward?","Vuoi guardare un breve video per un grande premio?"
"549","AUTO_HMMM____LOOKS_0","Hmmm...\nLooks like we\ncan't show \nthe ad...","Hmmm...\nSembra che\nnon possiamo mostrarti\nla pubblicità..."
"550","AUTO_AN_0","an ","un "
"551","AUTO_AD_0","ad blocker ","ad blocker "
"552","AUTO_RUNNING__0","running?","attivo?"
"553","AUTO_MAYBE_0","Maybe you've got ","Magari l'hai lasciato "
"554","AUTO_TRANSITION_0","transition","transizione"
"555","AUTO_THANK_0","THANK YOU!","GRAZIE!"
"556","AUTO_SPECIAL_0","SPECIAL THANK YOU \nTO ALL OF OUR BETA TESTERS!","UN GRAZIE SPECIALE\nA TUTTI I NOSTRI BETA TESTER!"
"557","AUTO_GAME_0","GAME DESIGN\n\n\n\nLEAD CODER\n\n\nLEAD ARTIST\n\n\nCODER\n\n\nUI\n","GAME DESIGN\n\n\n\nLEAD CODER\n\n\nLEAD ARTIST\n\n\nCODER\n\n\nUI\n"
"558","AUTO__ETIENNE_0","\nEtienne Jean\nSimon Lachance\n\n\nSimon Lachance\n\n\nEtienne Jean\n\n\nMike Ducarme\n\n\nEmilie Bourget","\nEtienne Jean\nSimon Lachance\n\n\nSimon Lachance\n\n\nEtienne Jean\n\n\nMike Ducarme\n\n\nEmilie Bourget"
"559","AUTO_ZOMBIDLE_S_0","ZombIdle's Producer / greedy developer.","Produttore di Zombidle / avido sviluppatore."
"560","AUTO_CORPORATE_0","Corporate Lachhh","Lachhh Aziendale"
"561","AUTO_NO__0","NO!","NO!"
"562","AUTO_GAMES_0","Games \nshould freaking \nstop spamming \npeople!","I giochi \ndovrebbero fottutamente \nsmettere di spammare\n le persone!"
"563","AUTO_BY_0","By the way, \nhere's your \nreward.","Ah proposito,\necco il tuo \npremio."
"564","AUTO_HEY_1","Hey \nPlayer #427!","Hey \nGiocatore #427!"
"565","AUTO_PLEASE_0","Please spam\nyour friends on\nFacebook so I get \ntons of money.","Spamma\ni tuoi amici\nsu Facebook così che io\nposso farmi tansissimi soldi."
"566","AUTO_SPAM_0","Spam all your friends on Facebook for this reward?","Spamma tutti i tuoi amici su Facebook per questo premio?"
"567","AUTO_PLAY_0","PLAY","GIOCA"
"568","AUTO_PLAY_1","PLAY ONLINE","GIOCA ONLINE"
"569","AUTO_CLAIM_0","CLAIM","PRENDI"
"570","AUTO_CLOSE_0","CLOSE","CHIUDI"
"571","AUTO_HIGH_0","high","alto"
"572","AUTO_LOW_0","low","basso"
"573","AUTO_MED_0","med","medio"
"574","AUTO_WATCH_LIVE","WATCH US LIVE!","GUARDACI IN DIRETTA!"
"575","AUTO_NEW__0","NEW!","NUOVO!"
"576","AUTO_WHILE_0","While you were away, your monsters farmed","Mentre non c'eri, i tuoi mostri hanno farmato"
"577","AUTO_WELCOME_0","WELCOME BACK!","BENTORNATO!"
"578","AUTO_OPTIONS_0","OPTIONS","OPZIONI"
"579","AUTO_LANGUAGE_0","language","linguaggio"
"580","AUTO_QUALITY_0","quality","qualità"
"581","AUTO_SOUND_0","sound","suono"
"582","AUTO_MUSIC_0","music","musica"
"583","AUTO_BIG__0","BIG!","GRANDE!"
"584","AUTO_MAKE_0","Make it ","Rendilo "
"585","AUTO_WE_RE_0","We're live on Twitch!","Siamo su Twitch!"
"586","AUTO_TWITCH_0","TWITCH","TWITCH"
"587","AUTO_LACHHH_0","Lachhh is currently streaming some game development! Come over and say hi!","Lachhh è in diretta e sta sviluppando giochi! Vieni a dirci ciao!"
"588","AUTO_UPDATES_0","UPDATES","AGGIORNA"
"589","AUTO_FRANCAIS_0","francais","francese"
"590","AUTO____0","10","10"
"591","AUTO____1","25","25"
"592","AUTO____2","50","50"
"593","AUTO_____0","100","100"
"594","AUTO_____1","150","150"
"595","AUTO_____2","200","200"
"596","AUTO_MEDALS_0","MEDALS","MEDAGLIE"
"597","AUTO_MEDALS_1","MEDALS","MEDAGLIE"
"598","AUTO_BUY_0","BUY","COMPRA"
"599","AUTO_CREDITS_0","CREDITS","CREDITI"
"600","AUTO_RESET_0","RESET GAME","RESETTA IL GIOCO"
"601","AUTO_FIGHT_0","FIGHT BOSS","LOTTA BOSS"
"602","AUTO_FOLLOW_0","FOLLOW US","SEGUICI"
"603","AUTO_MONSTERS_0","MONSTERS","MOSTRI"
"604","AUTO_MONSTERS_1","MONSTERS","MOSTRI"
"605","AUTO_PLAY_OFFLINE","PLAY LOCALLY","GIOCA LOCALMENTE"
"606","AUTO_PLAY_ONLINE","PLAY ON CLOUD","GIOCA ONLINE"
"607","AUTO_SAVE_LOCALLY","SAVE LOCALLY","SALVA LOCALMENTE"
"608","AUTO_SAVE_ON_CLOUD","SAVE ON CLOUD","SALVA ONLINE"
"609","AUTO_PLAY_2","PLAY","GIOCA"
"610","AUTO_TO_0","TO HELL","ALL'INFERNO"
"611","AUTO_TRAILER_0","TRAILER","TRAILER"
"612","AUTO_WATCH_0","WATCH","GUARDA"
"613","AUTO____3","99","99"
"614","AUTO_UNLOCK_0","UNLOCK FOR","SBLOCCA PER"
"615","AUTO_USE_0","USE TIME PORTAL","USA PORTALE DEL TEMPO"
"616","AUTO_WATCH_1","WATCH THIS","GUARDA QUESTO"
"617","AUTO_WEBSITE_0","WEBSITE","SITO WEB"
"618","AUTO_TIME_0","TIME IS UP!","IL TEMPO E' SCADUTO!"
"619","AUTO___0","/","/"
"620","AUTO___1","/","/"
"621","AUTO_NEW_0","NEW MEDAL!","NUOVA MEDAGLIA!"
"622","AUTO_NOTIFICATIONGROUP_0","NotificationGroup","GruppoNotifica"
"623","AUTO_AWWWW_0","Awww","Awwww"
"624","AUTO_YEAH__0","Yeah!","Sì!"
"625","AUTO_LET_S_0","Let's get","Prendiamo"
"626","AUTO_THEM__0","them!","loro!"
"627","AUTO_BOOYAH__0","Booyah!","Booyah!"
"628","AUTO_AWWWW_1","Awww","Awwww"
"629","AUTO_YEAH__1","Yeah!","Sì!"
"630","AUTO_LET_S_1","Let's get","Prendiamo"
"631","AUTO_THEM__1","them!","loro!"
"632","AUTO_BOOYAH__1","Booyah!","Booyah!"
"633","AUTO_TIME_1","TIME PORTAL","PORTALE DEL TEMPO"
"634","AUTO_RESET_1","RESET YOUR GAME","RESETTA IL TUO GIOCO"
"635","AUTO_WHITE_0","White Orbs will become Black Orbs","Sfere Bianche diventeranno Sfere Nere"
"636","AUTO_SECRET_0","SECRET CAVE","GROTTA SEGRETA"
"637","AUTO_DESSIN_0","DESSIN DE CAVE","SCOPRI LA GROTTA"
"638","AUTO_LEVEL_0","LEVEL 999 - 999","LIVELLO 999 - 999"
"639","AUTO_MONSTERS_2","MONSTERS","MOSTRI"
"640","AUTO_LIVE_0","LIVE","DIRETTA"
"641","AUTO_ACHIEVEMENT_0","Achievement Group","Gruppo di Obbiettivi"
"642","AUTO_AREA_0","Area","Area"
"643","AUTO_COMPLETED_0","Completed","Completata"
"644","AUTO_DIAMOND_DEALS_0","DIAMOND\nDEALS","AFFARI\nDI DIAMANTE"
"645","AUTO_HP_0","HP","HP"
"646","AUTO___2","/","/"
"647","AUTO_VIEWMONSTERGROUP_0","ViewMonsterGroup","VisualizzaGruppoMostri"
"648","AUTO_TIME_2","TIME PORTAL","PORTALE DEL TEMPO"
"649","AUTO_RESET_2","RESET YOUR GAME","RESETTA IL TUO GIOCO"
"650","AUTO_YOU_1","You will keep your medals, items and hell progress.","Manterrai le tue medaglie, oggetti e progressi all'inferno."
"651","AUTO_COMPLETED_1","It repairs White Broken Orbs!","Ripara le tue Sfere Bianche Rotte!"
"652","AUTO_TREASURE_ITEMS_0","TREASURE\nITEMS","OGGETTI\nTESORO"
"653","AUTO_TO_EARTH","TO EARTH","ALLA TERRA"
"654","AUTO_SKIP_0","SKIP FOR","SALTA PER"
"655","AUTO_UPGRADE_0","UPGRADE","AGGIORNA"
"656","AUTO_BUY_1","Buy","Compra"
"657","AUTO_BUY_2","Buy","Compra"
"658","AUTO_PREVIEW_0","Preview","Anteprima"
"659","AUTO_BUY_3","Buy","Compra"
"660","AUTO_DETAILS_0","DETAILS","DETTAGLI"
"661","AUTO_THE_DEAL","THE DEAL","L'AFFARE"
"662","AUTO_DEVIL_DEAL_QUOTE_1_2_1","That's a lot of skulls you've got here!","Ottieni un sacco di teschi!"
"663","AUTO_DEVIL_DEAL_QUOTE_2_2_1","Wanna make it","Voglio farlo"
"664","AUTO_DEVIL_DEAL_QUOTE_2_2_2","double?","duplica?"
"665","AUTO_ERROR_INTERNET_0","Are you","Sei"
"666","AUTO_ERROR_INTERNET_1_HIGHLIGHTED","connected","connesso"
"667","AUTO_ERROR_INTERNET_2","to ","a "
"668","AUTO_ERROR_INTERNET_3","the Internet?","internet?"
"669","AUTO_NOTIFICATIONS_0","Notifications","Notifiche"
"670","AUTO_STORE2_BERZERKGAMES","BERZERK GAMES","BERZERK GAMES"
"671","AUTO_STORE2_FAKE_BUTTON_0","Ludicrous Pack! (....really?)","Pacco Ridicolo! (...davvero?)"
"672","AUTO_STORE2_FAKE_BUTTON_1","+547,899 Diamonds","+547.899 Diamanti"
"673","AUTO_STORE2_FAKE_BUTTON_2","+5 sandwiches","+5 panini"
"674","AUTO_STORE2_FAKE_BUTTON_3","+2 tickets to a\nSlain Dion concert","+2 biglietti al\nconcerto di Slain Dion"
"675","AUTO_STORE2_FAKE_BUTTON_3_1","*In case you're wondering : no, this one is not a real InApp.*","*Nel caso lo stessi pensando: no, non è un vero e proprio InApp.*"
"676","AUTO_STORE2_FAKE_BUTTON_4","$750,000\nand your soul","$750.000\ne la tua anima"
"677","JOKE_0_MTX","Wow, you really want to pay $750,000 and your soul for those diamonds?","Wow, sei sicuro di voler pagare $750.000 e la tua anima per questi diamanti?"
"678","JOKE_0_NO_MTX","Ah ok, phew! I thought so!","Ah ok, phew! Lo immaginavo!"
"679","JOKE_1_MTX","I mean, that's a ludicrous amount of money to pay for a virtual item, you still wanna buy that?","Cioè, si tratta di una somma ridicola di soldi per pagare un oggetto virtuale, continui a volerlo comprare?"
"680","JOKE_2_MTX","You'll probably need to get another job, a loan, sell all of your belongings... Are you sure?","Necessiterai di un altro lavoro, di un prestito, vendere i tuoi effetti personali... Sei sicuro?"
"681","JOKE_3_MTX","That's kind of excessive don't you think? Don't you want to cancel now?","Non pensi sia un po' eccessivo? Non vuoi annullare adesso?"
"682","JOKE_4_MTX","Okay I guess. I mean it's cool for us, that's a lot of money, but I just want to be sure you're ok with this.","Okay immagino. Cioè va bene per noi, sono tanti soldi, ma voglio essere sicuro che tu ci stia."
"683","JOKE_4_NO_MTX","Oh okay... sorry. No need to be rude.","Oh okay... scusa. Non bisogna essere rudi."
"684","JOKE_5_MTX","I have to say, you are determined to get that pack.","Devo dire, sei determinato a volere quel pacco."
"685","JOKE_6_MTX","Heh, determination, that reminds me of Undertale.","Heh, determinazione, mi ricorda di Undertale."
"686","JOKE_7_MTX","Have you played that game? It's super cool, you should try it.","Hai giocato a questo gioco? E' fighissimo, dovresti provarlo."
"687","JOKE_8_MTX","...and it's not even our game.  I mean Toby Fox is the guy who made it.  He's brilliant.","...e non è nemmeno un nostro gioco. Cioè Toby Fox è chi l'ha fatto. E' brillante."
"688","JOKE_9_MTX","I think he got inspired by Mother 3...  or is it Earthbound?","Penso sia stato ispirato da Mother 3... o è Earthbound?"
"689","JOKE_10_MTX","Hang on, is Earthbound and Mother 3 the same game? I never knew, I'm kinda confused by that.","Aspetta, sono Earthbound e Mother 3 lo stesso gioco? Non lo sapevo, sono un po' confuso da ciò."
"690","JOKE_11_MTX","I think it's a lost in translation thing, kinda like Final Fantasy 6.... or 3. Whatever.","Penso che si sia perso nella traduzione, un po' come Final Fantasy 6... o 3. Non importa."
"691","JOKE_12_MTX","Anyway I never played Earthbound.","Comunque non ho mai giocato Earthbound."
"692","JOKE_13_MTX","Yeah I know! It's lame right?","Si lo so! E' terribile vero?"
"693","JOKE_14_MTX","The thing is, I played it once when I was a kid, but I couldn't read English.","La cosa è, ci ho giocato una volta quando ero ragazzino, ma non sapevo leggere l'Inglese."
"694","JOKE_15_MTX","So you know, it was kinda hard to play an RPG when you couldn't understand anything on the screen.","Quindi lo sai, è un po' difficile giocare un RPG quando non puoi capire nulla di ciò che si trova sullo schermo."
"695","JOKE_16_MTX","I became good at English though!","Sono diventato bravo in inglese però!"
"696","JOKE_17_MTX","My mom was like 'Video games are useless!'","Mia mamma diceva tipo ""I videogiochi sono inutili!"""
"697","JOKE_18_MTX","But I showed her my English grades at school and she gave me a break.","Ma le ho mostrato i miei voti di Inglese a scuola e mi ha dato una tregua."
"698","JOKE_19_MTX","My mom is so cool.","Mia mamma è così cool."
"699","JOKE_20_MTX","I'm not afraid to say it, you know. I think it's cool to show her some love sometimes.","Non ho paura a dirlo, sai com'è. Penso che sia bello mostrarle il mio amore qualche volta."
"700","JOKE_21_MTX","You know, she makes sure you don't miss anything in your life. Food... a house, toys.","Sai, si assicura che non manchi nulla nella tua vita. Cibo... una casa, giochi."
"701","JOKE_22_MTX","And we rarely get the chance to tell her that she is awesome.","E raramente abbiamo la possibilità di dirle che è fantastica."
"702","JOKE_23_MTX","Anyway! Where was I?","Ad ogni modo! Dov'ero rimasto?"
"703","JOKE_24_MTX","Ah yeah, that transaction.","Ah si, la transazione."
"704","JOKE_25_MTX","You know what? That little chat kinda made me feel better.","Sai cosa? Questa chiaccherata mi ha fatto sentire meglio."
"705","JOKE_26_MTX","It feels like you care about me.","Sembra che ti preoccupi per me."
"706","JOKE_27_MTX","Not only about those zombies, but about the developer behind it as well.","Non solo per gli zombie, ma anche per lo sviluppatore che ci sta dietro."
"707","JOKE_28_MTX","That's a very cool feeling, thank you. :)","E' una sensazione bellissima, grazie. :)"
"708","JOKE_29_MTX","As a token of gratitude, I'll give you 5 diamonds. Do you want them?","Come segno di gratitudine, ti darò 5 diamanti. Li vuoi?"
"709","JOKE_30_YES_MTX","There! Thanks again for that little chat!","Eccoteli! Grazie per la chiaccherata!"
"710","JOKE_1_0_MTX","Hey! You're back!","Hey! Sei tornato!"
"711","JOKE_1_1_MTX","I'm glad you're around again!","E' bello riaverti qui!"
"712","JOKE_1_2_MTX","I have no diamonds left for you though.","Non ho altri diamanti purtroppo."
"713","JOKE_1_3_MTX","Well, that's not very true... I'm the dev, so I could give you infinite diamonds if I want.","Beh, non veramente... Sono lo sviluppatore, potrei anche darti diamanti infiniti se volessi."
"714","JOKE_1_4_MTX","But that wouldnt't be fair for the other players.","Ma non sarebbe giusto per gli altri giocatori."
"715","JOKE_1_5_MTX","Now I feel bad, because I just told you that I could, but I won't.","Adesso sto male, perché ti ho detto che potrei, ma non voglio."
"716","JOKE_1_6_MTX","What kind of friend am I?","Che razza di amico sono?"
"717","JOKE_1_7_MTX","It's kind of like if you tell your wife, 'Hey I could give you chocolate, but I won't'.","E' come quando dici a tua moglie ""Hey, potrei darti della cioccolata, ma non lo farò""."
"718","JOKE_1_8_MTX","That would be horrible.","Sarebbe orribile."
"719","JOKE_1_9_MTX","I should buy chocolates for my wife...","Dovrei comprare dei cioccolatini per mia moglie..."
"720","X_IN_BONUS","[x] bonus!","[x] bonus!"
"721","AUTO_OHWELL","Oh well,\nThis one is on the house.","Oh beh,\nQuesto è sulla casa."
"722","AUTO_OK_OK_GEEZ","Ok ok! RELAX!\nNo need to panic!","Ok ok! RILASSAT!\nNon c'è bisogno di panico!"
"723","AUTO_OK_OK_GEEZ_2","Take your reward and go!","Prendi la tua ricompensa e vai!"
"724","AUTO_OK_OK_GEEZ_3","GEEZ!","GESU'!"
"725","AUTO_NEWS","NEWS","NOVITA'"
"726","AUTO_ZOMBIDLE_COMMUNITY","ZOMBIDLE\nCOMMUNITY","ZOMBIDLE\nCOMMUNITY"
"727","AUTO_IF_NOTHING_HAPPENING","If nothing is happening, please smash that button","Se nulla dovesse accadere, distruggi questo pulsante"
"728","AUTO_IF_NOTHING_HAPPENING_SMASH","COME ON!\nCHOP CHOP!","ANDIAMO!\nCHOP CHOP!"
"729","AUTO_ENJOY","Enjoy!","Divertiti!"
"730","AUTO_TOTAL","TOTAL","TOTALE"
"731","AUTO_CLOSED_TOO_SOON","Oops! You closed the video too soon!","Oops! Hai chiuso il video troppo presto!"
"732","AUTO_ENTIRE_VIDEO","You have to watch the entire video,","Devi guardare l'intero video,"
"733","AUTO_SWEETIE","Sweetie!","Carino!"
"734","AUTO_WANNA_TRY_AGAIN","Wanna try again?","Vuoi riprovare?"
"735","AUTO_SO_HERE","So here's a little something special!","Quindi eccoti qualcosa di speciale!"
"736","AUTO_YOURE_THE_BEST","You're the BEST!","Sei il MIGLIORE!"
"737","AUTO_IT_REALLY_HELPS","It really help us on our quest to make console games.","Ci aiuta davvero nel nostro obbiettivo di creare giochi per console."
"738","AUTO_WATCH_LOTS","Hey!\nYou watched a lot of ads already!","Hey!\nHai visto già un bel po' di annunci!"
"739","AUTO_THANKS_A_LOT","Thanks a lot!","Grazie mille!"
"740","AUTO_LACHHH","Lachhh","Lachhh"
"741","AUTO_LACHHH2","Co-Founder of Berzerk Studio, indie.","Co-Fondatore di Berzerk Studio, Indie."
"742","AUTO_REPORT_KONG","Report To Kongregate","Segnala al Kongregate"
